{
	"class_name" : "PinholeCameraParameters",
	"extrinsic" : 
	[
		0.1668782335503384,
		0.50450949514920074,
		-0.84712562496445443,
		0.0,
		-0.23493479883095056,
		0.85477316717338214,
		0.46278339747515385,
		0.0,
		0.95757887166821909,
		0.12179081239848953,
		0.26116987297530397,
		0.0,
		-0.26122959709684723,
		-0.79851716374012249,
		10.393062231865452,
		1.0
	],
	"intrinsic" : 
	{
		"height" : 1025,
		"intrinsic_matrix" : 
		[
			887.67603887904966,
			0.0,
			0.0,
			0.0,
			887.67603887904966,
			0.0,
			959.5,
			512.0,
			1.0
		],
		"width" : 1920
	},
	"version_major" : 1,
	"version_minor" : 0
}