{
	"class_name" : "PinholeCameraParameters",
	"extrinsic" : 
	[
		1.0,
		-0.0,
		-0.0,
		0.0,
		0.0,
		-1.0,
		-0.0,
		0.0,
		0.0,
		-0.0,
		-1.0,
		0.0,
		-0.093878414275820887,
		14.098113449400817,
		268.21310526210056,
		1.0
	],
	"intrinsic" : 
	{
		"height" : 1023,
		"intrinsic_matrix" : 
		[
			885.94398807148082,
			0.0,
			0.0,
			0.0,
			885.94398807148082,
			0.0,
			539.5,
			511.0,
			1.0
		],
		"width" : 1080
	},
	"version_major" : 1,
	"version_minor" : 0
}